Workbook

Sheet Dashboard
A1: RAPPORT DE VENTES 2024 - TABLEAU DE BORD
A3: Genere le : 19/05/2026 23:22
A6: CA Total (EUR) | D6: Commandes | G6: Payees | J6: En Attente | M6: Panier Moyen (EUR) | P6: Taux Annulation
A8: 894449.44 | D8: 299 | G8: 183 | J8: 60 | M8: 4887.7019 | P8: 0.19063545

Sheet Données
A1: ID | B1: Date | C1: Vendeur | D1: Région | E1: Produit | F1: Quantité | G1: Prix Unitaire | H1: Total | I1: Statut
A2: 1 | B2: 45417 | C2: Bruno Dupont | D2: Paris | E2: Laptop | F2: 5 | G2: 825.01 | H2: =F2*G2 -> 4125.05 | I2: Payé
A3: 2 | B3: 45308 | C3: Alice Martin | D3: Lyon | E3: Accessoires | F3: 7 | G3: 31.3 | H3: =F3*G3 -> 219.1 | I3: Payé
A4: 3 | B4: 45579 | C4: Emma Bernard | D4: Bordeaux | E4: Smartphone | F4: 1 | G4: 804.28 | H4: =F4*G4 -> 804.28 | I4: Payé
A5: 4 | B5: 45295 | C5: David Moreau | D5: Marseille | E5: Smartphone | F5: 5 | G5: 759.37 | H5: =F5*G5 -> 3796.85 | I5: Payé
A6: 5 | B6: 45464 | C6: Alice Martin | D6: Bordeaux | E6: Tablette | F6: 13 | G6: 393.29 | H6: =F6*G6 -> 5112.77 | I6: Payé
A7: 6 | B7: 45601 | C7: Alice Martin | D7: Bordeaux | E7: Laptop | F7: 6 | G7: 1158.98 | H7: =F7*G7 -> 6953.88 | I7: Payé
A8: 7 | B8: 45485 | C8: Emma Bernard | D8: Marseille | E8: Accessoires | F8: 15 | G8: 36.23 | H8: =F8*G8 -> 543.45 | I8: Payé
A9: 8 | B9: 45587 | C9: Alice Martin | D9: Paris | E9: Accessoires | F9: 6 | G9: 135.11 | H9: =F9*G9 -> 810.66 | I9: Payé
A10: 9 | B10: 45411 | C10: David Moreau | D10: Marseille | E10: Smartphone | F10: 2 | G10: 1018.45 | H10: =F10*G10 -> 2036.9 | I10: Payé
A11: 10 | B11: 45375 | C11: Carla Leroy | D11: Lyon | E11: Montre | F11: 6 | G11: 436.06 | H11: =F11*G11 -> 2616.36 | I11: Payé
A12: 11 | B12: 45623 | C12: Emma Bernard | D12: Lyon | E12: Tablette | F12: 11 | G12: 721.09 | H12: =F12*G12 -> 7931.99 | I12: Payé
A13: 12 | B13: 45528 | C13: Carla Leroy | D13: Lyon | E13: Accessoires | F13: 3 | G13: 114.79 | H13: =F13*G13 -> 344.37 | I13: En attente
... A301: 300 | B301: 45427 | C301: David Moreau | D301: Marseille | E301: Laptop | F301: 15 | G301: 1230.93 | H301: =F301*G301 -> 18463.95 | I301: Payé

Sheet Analyse
A1: KPI GLOBAUX | D1: CA PAR REGION | G1: CA PAR VENDEUR | J1: CA PAR PRODUIT
A2: CA Total (EUR) | B2: =SUMIF(Données!I:I,"Payé",Données!H:H) -> 894449.44 | D2: Paris | E2: =SUMPRODUCT((Données!D$2:'Données'!D$301="Paris")*(Données!I$2:'Données'!I$301="Payé")*(Données!H$2:'Données'!H$301)) -> 179103.39 | G2: Alice Martin | H2: =SUMPRODUCT((Données!C$2:'Données'!C$301="Alice Martin")*(Données!I$2:'Données'!I$301="Payé")*(Données!H$2:'Données'!H$301)) -> 125096.08 | J2: Laptop | K2: =SUMPRODUCT((Données!E$2:'Données'!E$301="Laptop")*(Données!I$2:'Données'!I$301="Payé")*(Données!H$2:'Données'!H$301)) -> 306592.79
A3: Nb Commandes | B3: =COUNTA(Données!A2:A10000)-1 -> 299 | D3: Lyon | E3: =SUMPRODUCT((Données!D$2:'Données'!D$301="Lyon")*(Données!I$2:'Données'!I$301="Payé")*(Données!H$2:'Données'!H$301)) -> 268731.28 | G3: Bruno Dupont | H3: =SUMPRODUCT((Données!C$2:'Données'!C$301="Bruno Dupont")*(Données!I$2:'Données'!I$301="Payé")*(Données!H$2:'Données'!H$301)) -> 223338.6 | J3: Smartphone | K3: =SUMPRODUCT((Données!E$2:'Données'!E$301="Smartphone")*(Données!I$2:'Données'!I$301="Payé")*(Données!H$2:'Données'!H$301)) -> 201837.43
A4: Nb Commandes Payees | B4: =COUNTIF(Données!I:I,"Payé") -> 183 | D4: Marseille | E4: =SUMPRODUCT((Données!D$2:'Données'!D$301="Marseille")*(Données!I$2:'Données'!I$301="Payé")*(Données!H$2:'Données'!H$301)) -> 171106.9 | G4: Carla Leroy | H4: =SUMPRODUCT((Données!C$2:'Données'!C$301="Carla Leroy")*(Données!I$2:'Données'!I$301="Payé")*(Données!H$2:'Données'!H$301)) -> 196596.99 | J4: Tablette | K4: =SUMPRODUCT((Données!E$2:'Données'!E$301="Tablette")*(Données!I$2:'Données'!I$301="Payé")*(Données!H$2:'Données'!H$301)) -> 216477.62
A5: Nb Commandes En attente | B5: =COUNTIF(Données!I:I,"En attente") -> 60 | D5: Bordeaux | E5: =SUMPRODUCT((Données!D$2:'Données'!D$301="Bordeaux")*(Données!I$2:'Données'!I$301="Payé")*(Données!H$2:'Données'!H$301)) -> 275507.87 | G5: David Moreau | H5: =SUMPRODUCT((Données!C$2:'Données'!C$301="David Moreau")*(Données!I$2:'Données'!I$301="Payé")*(Données!H$2:'Données'!H$301)) -> 189442.64 | J5: Montre | K5: =SUMPRODUCT((Données!E$2:'Données'!E$301="Montre")*(Données!I$2:'Données'!I$301="Payé")*(Données!H$2:'Données'!H$301)) -> 148060.58
A6: Nb Commandes Annulees | B6: =COUNTIF(Données!I:I,"Annulé") -> 57 | G6: Emma Bernard | H6: =SUMPRODUCT((Données!C$2:'Données'!C$301="Emma Bernard")*(Données!I$2:'Données'!I$301="Payé")*(Données!H$2:'Données'!H$301)) -> 159975.13 | J6: Accessoires | K6: =SUMPRODUCT((Données!E$2:'Données'!E$301="Accessoires")*(Données!I$2:'Données'!I$301="Payé")*(Données!H$2:'Données'!H$301)) -> 21481.02
A7: Panier Moyen (EUR) | B7: =IFERROR(B2/B4,0) -> 4887.7019
A8: Taux Annulation (%) | B8: =IFERROR(B6/B3,0) -> 0.19063545
A11: CA PAR MOIS
A12: Janv | B12: =SUMPRODUCT((MONTH(Données!B$2:'Données'!B$301)=1)*(Données!I$2:'Données'!I$301="Payé")*(Données!H$2:'Données'!H$301)) -> 126018.65
A13: Fevr | B13: =SUMPRODUCT((MONTH(Données!B$2:'Données'!B$301)=2)*(Données!I$2:'Données'!I$301="Payé")*(Données!H$2:'Données'!H$301)) -> 44226.88
A14: Mars | B14: =SUMPRODUCT((MONTH(Données!B$2:'Données'!B$301)=3)*(Données!I$2:'Données'!I$301="Payé")*(Données!H$2:'Données'!H$301)) -> 42039.73
A15: Avr | B15: =SUMPRODUCT((MONTH(Données!B$2:'Données'!B$301)=4)*(Données!I$2:'Données'!I$301="Payé")*(Données!H$2:'Données'!H$301)) -> 66450.15
A16: Mai | B16: =SUMPRODUCT((MONTH(Données!B$2:'Données'!B$301)=5)*(Données!I$2:'Données'!I$301="Payé")*(Données!H$2:'Données'!H$301)) -> 106039.21
A17: Juin | B17: =SUMPRODUCT((MONTH(Données!B$2:'Données'!B$301)=6)*(Données!I$2:'Données'!I$301="Payé")*(Données!H$2:'Données'!H$301)) -> 79022.58
A18: Juil | B18: =SUMPRODUCT((MONTH(Données!B$2:'Données'!B$301)=7)*(Données!I$2:'Données'!I$301="Payé")*(Données!H$2:'Données'!H$301)) -> 65520.34
A19: Aout | B19: =SUMPRODUCT((MONTH(Données!B$2:'Données'!B$301)=8)*(Données!I$2:'Données'!I$301="Payé")*(Données!H$2:'Données'!H$301)) -> 84325.28
A20: Sept | B20: =SUMPRODUCT((MONTH(Données!B$2:'Données'!B$301)=9)*(Données!I$2:'Données'!I$301="Payé")*(Données!H$2:'Données'!H$301)) -> 23939.12
A21: Oct | B21: =SUMPRODUCT((MONTH(Données!B$2:'Données'!B$301)=10)*(Données!I$2:'Données'!I$301="Payé")*(Données!H$2:'Données'!H$301)) -> 112654.47
A22: Nov | B22: =SUMPRODUCT((MONTH(Données!B$2:'Données'!B$301)=11)*(Données!I$2:'Données'!I$301="Payé")*(Données!H$2:'Données'!H$301)) -> 98260.92
A23: Dec | B23: =SUMPRODUCT((MONTH(Données!B$2:'Données'!B$301)=12)*(Données!I$2:'Données'!I$301="Payé")*(Données!H$2:'Données'!H$301)) -> 45952.11

Sheet Instructions
A1: 📋 GUIDE D'UTILISATION DU PROJET VBA
A3: ÉTAPE 1 — Ouvrir l'éditeur VBA
A4: Appuyez sur Alt + F11
A6: ÉTAPE 2 — Importer le module VBA
A7: Fichier > Importer un fichier > sélectionner 'RapportVBA.bas'
A9: ÉTAPE 3 — Sauvegarder en .xlsm
A10: Fichier > Enregistrer sous > Format : Classeur Excel avec macros (.xlsm)
A12: ÉTAPE 4 — Lancer les macros à partir du bouton
A13: Alt + F8 > sélectionner 'GenererDashboard' > Exécuter
A15: ÉTAPE 5 — Exporter en PDF
A16: Alt + F8 > sélectionner 'ExporterPDF' > Exécuter
